5,-14,-14,-14,-14,2,-14,2,2,-14,-14,1,1,1,0
-14,5,-14,-14,-14,2,2,-14,-14,2,1,-14,1,1,0
-14,-14,5,-14,2,-14,2,-14,2,-14,1,1,-14,1,0
-14,-14,-14,5,2,-14,-14,2,-14,2,1,1,1,-14,0
-14,-14,2,2,1.5,-14,-12,-12,-12,-12,1,1,-13,-13,0
2,2,-14,-14,-14,1.5,-12,-12,-12,-12,-13,-13,1,1,0
-14,2,2,-14,-12,-12,1.5,-14,-12,-12,1,-13,-13,1,0
2,-14,-14,2,-12,-12,-14,1.5,-12,-12,-13,1,1,-13,0
2,-14,2,-14,-12,-12,-12,-12,1.5,-14,-13,1,-13,1,0
-14,2,-14,2,-12,-12,-12,-12,-14,1.5,1,-13,1,-13,0
-14,1,1,1,1,-13,1,-13,-13,1,0.5,-12,-12,-12,0
1,-14,1,1,1,-13,-13,1,1,-13,-12,0.5,-12,-12,0
1,1,-14,1,-13,1,-13,1,-13,1,-12,-12,0.5,-12,0
1,1,1,-14,-13,1,1,-13,1,-13,-12,-12,-12,0.5,0
0,0,0,0,0,0,0,0,0,0,0,0,0,0,0
